,EIG_mean,EIG_se
4,1.7669310569763184,0.008922435343265533
