,EIG_mean,EIG_se
3,2.4725077152252197,0.011929460801184177
